Player_Name,Target,Line,Odds_Over,Odds_Under,FairOdds_Over,FairOdds_Under,Pred_Mean,Pred_Std,MyProb_Over,MyProb_Under,Pick,Pick_Conf,Pick_EV,Pick_Odds
DeMar DeRozan,PTS,21.5,1.96,1.78,2.1,1.91,19.6,8.1,0.409,0.591,UNDER,0.591,0.051,1.78
Max Christie,PTS,9.5,1.74,2.02,1.86,2.16,15.9,7.45,0.805,0.195,OVER,0.805,0.401,1.74
Precious Achiuwa,PTS,8.5,1.98,1.77,2.12,1.89,5.2,5.0,0.255,0.745,UNDER,0.745,0.318,1.77
Naji Marshall,PTS,15.5,1.93,1.82,2.06,1.94,19.9,8.13,0.704,0.296,OVER,0.704,0.359,1.93
Cooper Flagg,PTS,23.5,1.77,1.98,1.89,2.12,22.6,8.58,0.459,0.541,UNDER,0.541,0.071,1.98
Maxime Raynaud,PTS,14.5,1.98,1.77,2.12,1.89,8.9,5.87,0.171,0.829,UNDER,0.829,0.466,1.77
Klay Thompson,PTS,13.5,1.85,1.89,1.98,2.02,19.7,8.12,0.779,0.221,OVER,0.779,0.441,1.85
Russell Westbrook,PTS,17.5,1.89,1.85,2.02,1.98,19.0,7.99,0.575,0.425,OVER,0.575,0.087,1.89
Nique Clifford,PTS,9.5,1.77,1.98,1.89,2.12,6.0,5.31,0.252,0.748,UNDER,0.748,0.481,1.98
P.J. Washington,PTS,15.5,1.78,1.96,1.91,2.1,17.7,7.72,0.615,0.385,OVER,0.615,0.094,1.78
Russell Westbrook,AST,7.5,2.0,1.76,2.14,1.88,4.0,2.35,0.069,0.931,UNDER,0.931,0.639,1.76
Cooper Flagg,AST,4.5,1.88,1.88,2.0,2.0,3.8,2.26,0.379,0.621,UNDER,0.621,0.167,1.88
Naji Marshall,AST,3.5,2.3,1.57,2.46,1.68,3.3,2.1,0.469,0.531,OVER,0.469,0.078,2.3
DeMar DeRozan,AST,3.5,1.85,1.89,1.98,2.02,3.7,2.21,0.528,0.472,SKIP,0.0,0.0,0.0
Naji Marshall,REB,5.5,1.88,1.88,2.0,2.0,4.5,2.42,0.346,0.654,UNDER,0.654,0.23,1.88
DeMar DeRozan,REB,3.5,1.8,1.94,1.93,2.08,4.3,2.36,0.634,0.366,OVER,0.634,0.142,1.8
Precious Achiuwa,REB,6.5,2.16,1.65,2.31,1.76,3.7,2.82,0.158,0.842,UNDER,0.842,0.389,1.65
Nique Clifford,REB,4.5,2.32,1.56,2.49,1.67,2.1,2.02,0.121,0.879,UNDER,0.879,0.371,1.56
Cooper Flagg,REB,7.5,2.16,1.65,2.31,1.76,5.2,2.57,0.187,0.813,UNDER,0.813,0.341,1.65
P.J. Washington,REB,7.5,1.68,2.12,1.79,2.26,5.1,2.63,0.182,0.818,UNDER,0.818,0.734,2.12
Russell Westbrook,REB,6.5,1.74,2.02,1.86,2.16,4.7,2.46,0.228,0.772,UNDER,0.772,0.56,2.02
Maxime Raynaud,REB,8.5,1.72,2.04,1.84,2.19,6.5,3.41,0.275,0.725,UNDER,0.725,0.478,2.04
Naji Marshall,PTS+REB+AST,24.5,1.89,1.85,2.02,1.98,27.7,8.74,0.644,0.356,OVER,0.644,0.217,1.89
Nique Clifford,PTS+REB+AST,16.5,1.98,1.77,2.12,1.89,9.6,5.88,0.12,0.88,UNDER,0.88,0.557,1.77
P.J. Washington,PTS+REB+AST,26.5,1.94,1.8,2.08,1.93,25.5,8.38,0.454,0.546,SKIP,0.0,0.0,0.0
Cooper Flagg,PTS+REB+AST,35.5,1.8,1.94,1.93,2.08,31.6,9.24,0.338,0.662,UNDER,0.662,0.284,1.94
DeMar DeRozan,PTS+REB+AST,28.5,1.83,1.91,1.96,2.04,27.6,8.73,0.459,0.541,SKIP,0.0,0.0,0.0
Russell Westbrook,PTS+REB+AST,32.5,1.94,1.82,2.07,1.94,27.7,8.69,0.29,0.71,UNDER,0.71,0.293,1.82
Naji Marshall,PTS+REB+AST,24.5,1.89,1.85,2.02,1.98,27.7,8.74,0.644,0.356,OVER,0.644,0.217,1.89
Nique Clifford,PTS+REB+AST,16.5,1.98,1.77,2.12,1.89,9.6,5.88,0.12,0.88,UNDER,0.88,0.557,1.77
P.J. Washington,PTS+REB+AST,26.5,1.94,1.8,2.08,1.93,25.5,8.38,0.454,0.546,SKIP,0.0,0.0,0.0
Cooper Flagg,PTS+REB+AST,35.5,1.8,1.94,1.93,2.08,31.6,9.24,0.338,0.662,UNDER,0.662,0.284,1.94
DeMar DeRozan,PTS+REB+AST,28.5,1.83,1.91,1.96,2.04,27.6,8.73,0.459,0.541,SKIP,0.0,0.0,0.0
Russell Westbrook,PTS+REB+AST,32.5,1.94,1.82,2.07,1.94,27.7,8.69,0.29,0.71,UNDER,0.71,0.293,1.82
Precious Achiuwa,PTS+REB,14.5,1.89,1.85,2.02,1.98,8.9,5.74,0.164,0.836,UNDER,0.836,0.547,1.85
Maxime Raynaud,PTS+REB,23.5,1.89,1.85,2.02,1.98,15.4,6.79,0.116,0.884,UNDER,0.884,0.635,1.85
Cooper Flagg,PTS+REB,31.5,1.91,1.82,2.05,1.95,27.8,8.96,0.341,0.659,UNDER,0.659,0.199,1.82
P.J. Washington,PTS+REB,24.5,1.96,1.78,2.1,1.91,22.9,8.15,0.42,0.58,SKIP,0.0,0.0,0.0
Naji Marshall,PTS+REB,21.5,1.98,1.77,2.12,1.89,24.4,8.48,0.634,0.366,OVER,0.634,0.254,1.98
DeMar DeRozan,PTS+REB,24.5,1.8,1.94,1.93,2.08,24.0,8.44,0.474,0.526,SKIP,0.0,0.0,0.0
Russell Westbrook,PTS+REB,24.5,1.88,1.88,2.0,2.0,23.7,8.37,0.461,0.539,SKIP,0.0,0.0,0.0
Nique Clifford,PTS+REB,14.5,1.98,1.77,2.12,1.89,8.1,5.68,0.13,0.87,UNDER,0.87,0.54,1.77
DeMar DeRozan,PTS+AST,24.5,1.78,1.96,1.91,2.1,23.3,8.4,0.443,0.557,UNDER,0.557,0.092,1.96
Naji Marshall,PTS+AST,18.5,1.85,1.89,1.98,2.02,23.2,8.4,0.712,0.288,OVER,0.712,0.317,1.85
Russell Westbrook,PTS+AST,25.5,1.94,1.8,2.08,1.93,23.0,8.33,0.383,0.617,UNDER,0.617,0.11,1.8
Cooper Flagg,PTS+AST,28.5,1.85,1.89,1.98,2.02,26.4,8.87,0.408,0.592,UNDER,0.592,0.12,1.89
DeMar DeRozan,REB+AST,7.5,1.94,1.8,2.08,1.93,8.0,3.24,0.557,0.443,OVER,0.557,0.081,1.94
Cooper Flagg,REB+AST,11.5,1.77,1.98,1.89,2.12,9.0,3.42,0.235,0.765,UNDER,0.765,0.516,1.98
Nique Clifford,REB+AST,5.5,1.65,2.16,1.76,2.31,3.6,2.53,0.232,0.768,UNDER,0.768,0.658,2.16
Naji Marshall,REB+AST,8.5,1.76,2.0,1.88,2.14,7.9,3.21,0.423,0.577,UNDER,0.577,0.155,2.0
Russell Westbrook,REB+AST,14.5,1.94,1.82,2.07,1.94,8.7,3.41,0.043,0.957,UNDER,0.957,0.741,1.82
Jamal Murray,PTS,26.5,1.88,1.88,2.0,2.0,21.9,8.51,0.293,0.707,UNDER,0.707,0.329,1.88
Paolo Banchero,PTS,23.5,1.78,1.96,1.91,2.1,21.4,8.36,0.403,0.597,UNDER,0.597,0.17,1.96
Bruce Brown,PTS,8.5,1.78,1.96,1.91,2.1,7.1,5.52,0.403,0.597,UNDER,0.597,0.169,1.96
Peyton Watson,PTS,11.5,1.8,1.94,1.93,2.08,17.2,7.66,0.77,0.23,OVER,0.77,0.387,1.8
Tristan da Silva,PTS,8.5,1.96,1.78,2.1,1.91,8.7,6.04,0.513,0.487,SKIP,0.0,0.0,0.0
Desmond Bane,PTS,21.5,1.88,1.88,2.0,2.0,21.8,8.45,0.515,0.485,SKIP,0.0,0.0,0.0
Anthony Black,PTS,17.5,2.0,1.76,2.14,1.88,18.4,7.86,0.543,0.457,OVER,0.543,0.086,2.0
Paolo Banchero,AST,4.5,1.62,2.22,1.73,2.37,4.1,2.38,0.429,0.571,UNDER,0.571,0.267,2.22
Jamal Murray,AST,6.5,1.94,1.8,2.08,1.93,4.8,2.58,0.252,0.748,UNDER,0.748,0.346,1.8
Bruce Brown,AST,2.5,2.02,1.74,2.16,1.86,0.9,1.14,0.081,0.919,UNDER,0.919,0.6,1.74
Anthony Black,AST,4.5,2.26,1.6,2.41,1.71,3.1,2.06,0.25,0.75,UNDER,0.75,0.2,1.6
Desmond Bane,AST,4.5,2.02,1.74,2.16,1.86,4.3,2.43,0.471,0.529,SKIP,0.0,0.0,0.0
Jamal Murray,REB,3.5,1.62,2.22,1.73,2.37,5.0,2.5,0.721,0.279,OVER,0.721,0.168,1.62
Bruce Brown,REB,4.5,1.94,1.8,2.08,1.93,4.0,2.77,0.428,0.572,SKIP,0.0,0.0,0.0
Paolo Banchero,REB,7.5,1.68,2.12,1.79,2.26,6.0,2.82,0.297,0.703,UNDER,0.703,0.49,2.12
Anthony Black,REB,4.5,2.14,1.66,2.29,1.78,4.5,2.44,0.501,0.499,OVER,0.501,0.072,2.14
Peyton Watson,REB,4.5,1.63,2.18,1.75,2.34,4.2,2.36,0.451,0.549,UNDER,0.549,0.197,2.18
Desmond Bane,REB,4.5,2.0,1.76,2.14,1.88,5.5,2.68,0.65,0.35,OVER,0.65,0.3,2.0
Tristan da Silva,REB,3.5,1.96,1.78,2.1,1.91,3.1,2.34,0.439,0.561,SKIP,0.0,0.0,0.0
Jamal Murray,PTS+REB+AST,37.5,1.89,1.85,2.02,1.98,31.6,9.24,0.262,0.738,UNDER,0.738,0.366,1.85
Desmond Bane,PTS+REB+AST,30.5,1.85,1.89,1.98,2.02,31.7,9.19,0.551,0.449,SKIP,0.0,0.0,0.0
Peyton Watson,PTS+REB+AST,18.5,1.85,1.89,1.98,2.02,24.5,8.28,0.765,0.235,OVER,0.765,0.416,1.85
Anthony Black,PTS+REB+AST,25.5,1.8,1.94,1.93,2.08,26.0,8.49,0.522,0.478,SKIP,0.0,0.0,0.0
Bruce Brown,PTS+REB+AST,16.5,1.96,1.78,2.1,1.91,12.1,6.28,0.239,0.761,UNDER,0.761,0.354,1.78
Paolo Banchero,PTS+REB+AST,37.5,1.88,1.88,2.0,2.0,31.5,9.14,0.257,0.743,UNDER,0.743,0.398,1.88
Jamal Murray,PTS+REB+AST,37.5,1.89,1.85,2.02,1.98,31.6,9.24,0.262,0.738,UNDER,0.738,0.366,1.85
Desmond Bane,PTS+REB+AST,30.5,1.85,1.89,1.98,2.02,31.7,9.19,0.551,0.449,SKIP,0.0,0.0,0.0
Peyton Watson,PTS+REB+AST,18.5,1.85,1.89,1.98,2.02,24.5,8.28,0.765,0.235,OVER,0.765,0.416,1.85
Anthony Black,PTS+REB+AST,25.5,1.8,1.94,1.93,2.08,26.0,8.49,0.522,0.478,SKIP,0.0,0.0,0.0
Bruce Brown,PTS+REB+AST,16.5,1.96,1.78,2.1,1.91,12.1,6.28,0.239,0.761,UNDER,0.761,0.354,1.78
Paolo Banchero,PTS+REB+AST,37.5,1.88,1.88,2.0,2.0,31.5,9.14,0.257,0.743,UNDER,0.743,0.398,1.88
Bruce Brown,PTS+REB,13.5,1.88,1.88,2.0,2.0,11.1,6.18,0.352,0.648,UNDER,0.648,0.219,1.88
Anthony Black,PTS+REB,21.5,1.88,1.88,2.0,2.0,22.9,8.23,0.566,0.434,OVER,0.566,0.063,1.88
Tristan da Silva,PTS+REB,11.5,1.77,1.98,1.89,2.12,11.8,6.47,0.521,0.479,SKIP,0.0,0.0,0.0
Peyton Watson,PTS+REB,16.5,1.77,1.98,1.89,2.12,21.4,8.02,0.728,0.272,OVER,0.728,0.289,1.77
Paolo Banchero,PTS+REB,32.5,1.93,1.82,2.06,1.94,27.4,8.83,0.283,0.717,UNDER,0.717,0.304,1.82
Desmond Bane,PTS+REB,25.5,1.78,1.96,1.91,2.1,27.4,8.87,0.583,0.417,SKIP,0.0,0.0,0.0
Jamal Murray,PTS+REB,30.5,1.85,1.89,1.98,2.02,26.8,8.87,0.34,0.66,UNDER,0.66,0.248,1.89
Peyton Watson,PTS+AST,13.5,1.89,1.85,2.02,1.98,20.3,7.93,0.804,0.196,OVER,0.804,0.519,1.89
Jamal Murray,PTS+AST,33.5,1.93,1.82,2.06,1.94,26.6,8.9,0.22,0.78,UNDER,0.78,0.419,1.82
Bruce Brown,PTS+AST,11.5,1.91,1.83,2.04,1.96,8.1,5.64,0.27,0.73,UNDER,0.73,0.335,1.83
Desmond Bane,PTS+AST,26.5,1.98,1.77,2.12,1.89,26.1,8.79,0.484,0.516,SKIP,0.0,0.0,0.0
Anthony Black,PTS+AST,21.5,1.89,1.85,2.02,1.98,21.5,8.13,0.498,0.502,SKIP,0.0,0.0,0.0
Paolo Banchero,PTS+AST,29.5,1.91,1.83,2.04,1.96,25.5,8.7,0.324,0.676,UNDER,0.676,0.238,1.83
Desmond Bane,REB+AST,8.5,1.74,2.02,1.86,2.16,9.9,3.62,0.646,0.354,OVER,0.646,0.124,1.74
Anthony Black,REB+AST,8.5,1.93,1.82,2.06,1.94,7.6,3.2,0.391,0.609,UNDER,0.609,0.108,1.82
Bruce Brown,REB+AST,6.5,1.66,2.14,1.78,2.29,4.9,3.0,0.297,0.703,UNDER,0.703,0.505,2.14
Peyton Watson,REB+AST,6.5,1.82,1.93,1.94,2.06,7.3,3.13,0.603,0.397,OVER,0.603,0.098,1.82
Paolo Banchero,REB+AST,13.5,2.02,1.74,2.16,1.86,10.1,3.69,0.177,0.823,UNDER,0.823,0.432,1.74
Jamal Murray,REB+AST,10.5,1.88,1.88,2.0,2.0,9.7,3.6,0.417,0.583,UNDER,0.583,0.096,1.88
Trey Murphy III,PTS,17.5,1.77,1.98,1.89,2.12,20.2,8.18,0.63,0.37,OVER,0.63,0.115,1.77
Devin Booker,PTS,26.5,1.85,1.89,1.98,2.02,22.0,8.51,0.299,0.701,UNDER,0.701,0.325,1.89
Collin Gillespie,PTS,15.5,1.85,1.89,1.98,2.02,20.7,8.3,0.735,0.265,OVER,0.735,0.36,1.85
Jordan Goodwin,PTS,9.5,1.85,1.89,1.98,2.02,7.1,5.63,0.334,0.666,UNDER,0.666,0.259,1.89
Dillon Brooks,PTS,20.5,1.8,1.94,1.93,2.08,21.5,8.41,0.549,0.451,SKIP,0.0,0.0,0.0
Royce O'Neale,PTS,9.5,1.77,1.98,1.89,2.12,17.4,7.69,0.847,0.153,OVER,0.847,0.499,1.77
Derik Queen,PTS,14.5,2.0,1.76,2.14,1.88,20.7,8.25,0.774,0.226,OVER,0.774,0.547,2.0
Jeremiah Fears,PTS,12.5,1.78,1.96,1.91,2.1,18.2,7.86,0.765,0.235,OVER,0.765,0.362,1.78
Saddiq Bey,PTS,13.5,1.88,1.88,2.0,2.0,19.4,8.01,0.768,0.232,OVER,0.768,0.445,1.88
Derik Queen,AST,4.5,1.88,1.88,2.0,2.0,4.0,2.36,0.421,0.579,UNDER,0.579,0.088,1.88
Collin Gillespie,AST,5.5,1.69,2.08,1.81,2.23,4.2,2.4,0.29,0.71,UNDER,0.71,0.476,2.08
Devin Booker,AST,7.5,2.06,1.71,2.2,1.83,4.1,2.37,0.077,0.923,UNDER,0.923,0.578,1.71
Trey Murphy III,AST,3.5,2.0,1.76,2.14,1.88,3.8,2.27,0.548,0.452,OVER,0.548,0.095,2.0
Jeremiah Fears,AST,3.5,2.22,1.62,2.37,1.73,3.4,2.15,0.488,0.512,OVER,0.488,0.083,2.22
Royce O'Neale,REB,4.5,1.8,1.94,1.93,2.08,4.4,2.4,0.476,0.524,SKIP,0.0,0.0,0.0
Dillon Brooks,REB,3.5,1.91,1.83,2.04,1.96,4.8,2.46,0.696,0.304,OVER,0.696,0.33,1.91
Collin Gillespie,REB,3.5,1.62,2.22,1.73,2.37,4.8,2.49,0.703,0.297,OVER,0.703,0.139,1.62
Jordan Goodwin,REB,4.5,1.83,1.91,1.96,2.04,2.4,2.08,0.151,0.849,UNDER,0.849,0.621,1.91
Derik Queen,REB,7.5,2.02,1.74,2.16,1.86,5.4,2.64,0.212,0.788,UNDER,0.788,0.371,1.74
Devin Booker,REB,4.5,2.28,1.58,2.44,1.69,5.0,2.52,0.579,0.421,OVER,0.579,0.319,2.28
Jeremiah Fears,REB,3.5,2.16,1.65,2.31,1.76,4.2,2.34,0.612,0.388,OVER,0.612,0.321,2.16
Trey Murphy III,REB,5.5,2.04,1.72,2.19,1.84,5.1,2.56,0.434,0.566,SKIP,0.0,0.0,0.0
Saddiq Bey,REB,5.5,2.08,1.69,2.23,1.81,5.1,2.58,0.435,0.565,SKIP,0.0,0.0,0.0
Collin Gillespie,PTS+REB+AST,25.5,1.8,1.94,1.93,2.08,29.7,8.99,0.681,0.319,OVER,0.681,0.225,1.8
Derik Queen,PTS+REB+AST,26.5,1.94,1.8,2.08,1.93,30.1,8.98,0.656,0.344,OVER,0.656,0.273,1.94
Jeremiah Fears,PTS+REB+AST,19.5,1.88,1.88,2.0,2.0,25.8,8.48,0.77,0.23,OVER,0.77,0.448,1.88
Trey Murphy III,PTS+REB+AST,27.5,1.96,1.78,2.1,1.91,29.1,8.87,0.57,0.43,OVER,0.57,0.116,1.96
Devin Booker,PTS+REB+AST,38.5,1.89,1.85,2.02,1.98,31.1,9.18,0.212,0.788,UNDER,0.788,0.459,1.85
Collin Gillespie,PTS+REB+AST,25.5,1.8,1.94,1.93,2.08,29.7,8.99,0.681,0.319,OVER,0.681,0.225,1.8
Derik Queen,PTS+REB+AST,26.5,1.94,1.8,2.08,1.93,30.1,8.98,0.656,0.344,OVER,0.656,0.273,1.94
Jeremiah Fears,PTS+REB+AST,19.5,1.88,1.88,2.0,2.0,25.8,8.48,0.77,0.23,OVER,0.77,0.448,1.88
Trey Murphy III,PTS+REB+AST,27.5,1.96,1.78,2.1,1.91,29.1,8.87,0.57,0.43,OVER,0.57,0.116,1.96
Devin Booker,PTS+REB+AST,38.5,1.89,1.85,2.02,1.98,31.1,9.18,0.212,0.788,UNDER,0.788,0.459,1.85
Royce O'Neale,PTS+REB,14.5,1.77,1.98,1.89,2.12,21.7,8.06,0.815,0.185,OVER,0.815,0.443,1.77
Collin Gillespie,PTS+REB,19.5,1.82,1.93,1.94,2.06,25.5,8.66,0.757,0.243,OVER,0.757,0.379,1.82
Trey Murphy III,PTS+REB,23.5,1.88,1.88,2.0,2.0,25.3,8.57,0.582,0.418,OVER,0.582,0.095,1.88
Jordan Goodwin,PTS+REB,14.5,1.91,1.83,2.04,1.96,9.4,6.0,0.199,0.801,UNDER,0.801,0.465,1.83
Saddiq Bey,PTS+REB,18.5,1.82,1.93,1.94,2.06,24.4,8.41,0.76,0.24,OVER,0.76,0.384,1.82
Jeremiah Fears,PTS+REB,16.5,1.94,1.8,2.08,1.93,22.3,8.2,0.762,0.238,OVER,0.762,0.478,1.94
Derik Queen,PTS+REB,21.5,1.88,1.88,2.0,2.0,26.1,8.67,0.702,0.298,OVER,0.702,0.319,1.88
Dillon Brooks,PTS+REB,24.5,1.88,1.85,2.02,1.98,26.3,8.76,0.581,0.419,OVER,0.581,0.093,1.88
Devin Booker,PTS+REB,30.5,1.8,1.94,1.93,2.08,27.0,8.87,0.347,0.653,UNDER,0.653,0.266,1.94
Collin Gillespie,PTS+AST,21.5,1.85,1.89,1.98,2.02,24.9,8.64,0.653,0.347,OVER,0.653,0.208,1.85
Devin Booker,PTS+AST,34.5,1.93,1.82,2.06,1.94,26.1,8.83,0.172,0.828,UNDER,0.828,0.507,1.82
Trey Murphy III,PTS+AST,21.5,1.88,1.88,2.0,2.0,24.0,8.49,0.615,0.385,OVER,0.615,0.156,1.88
Derik Queen,PTS+AST,18.5,1.82,1.93,1.94,2.06,24.7,8.58,0.766,0.234,OVER,0.766,0.394,1.82
Jeremiah Fears,PTS+AST,16.5,1.96,1.78,2.1,1.91,21.6,8.15,0.735,0.265,OVER,0.735,0.44,1.96
Collin Gillespie,REB+AST,9.5,1.69,2.08,1.81,2.23,9.0,3.46,0.442,0.558,UNDER,0.558,0.16,2.08
Devin Booker,REB+AST,11.5,1.93,1.82,2.06,1.94,9.1,3.46,0.247,0.753,UNDER,0.753,0.371,1.82
Jeremiah Fears,REB+AST,6.5,1.91,1.83,2.04,1.96,7.6,3.18,0.635,0.365,OVER,0.635,0.213,1.91
Derik Queen,REB+AST,11.5,1.72,2.04,1.84,2.19,9.4,3.54,0.278,0.722,UNDER,0.722,0.472,2.04
Trey Murphy III,REB+AST,8.5,1.74,2.02,1.86,2.16,8.8,3.42,0.54,0.46,SKIP,0.0,0.0,0.0
Trae Young,PTS,22.5,1.93,1.82,2.06,1.94,17.2,7.87,0.252,0.748,UNDER,0.748,0.361,1.82
Karl-Anthony Towns,PTS,22.5,1.88,1.88,2.0,2.0,22.5,8.47,0.498,0.502,SKIP,0.0,0.0,0.0
Jalen Brunson,PTS,29.5,1.83,1.91,1.96,2.04,23.3,8.74,0.238,0.762,UNDER,0.762,0.455,1.91
Jalen Johnson,PTS,25.5,1.8,1.94,1.93,2.08,21.3,8.36,0.307,0.693,UNDER,0.693,0.345,1.94
OG Anunoby,PTS,17.5,1.82,1.93,1.94,2.06,17.5,7.73,0.502,0.498,SKIP,0.0,0.0,0.0
Mikal Bridges,PTS,16.5,1.88,1.88,2.0,2.0,18.9,7.98,0.62,0.38,OVER,0.62,0.166,1.88
Zaccharie Risacher,PTS,9.5,1.85,1.89,1.98,2.02,16.4,7.54,0.821,0.179,OVER,0.821,0.518,1.85
Miles McBride,PTS,11.5,1.78,1.96,1.91,2.1,9.4,6.29,0.369,0.631,UNDER,0.631,0.238,1.96
Dyson Daniels,PTS,12.5,1.8,1.94,1.93,2.08,18.5,7.9,0.776,0.224,OVER,0.776,0.397,1.8
Onyeka Okongwu,PTS,17.5,1.98,1.77,2.12,1.89,19.9,8.09,0.615,0.385,OVER,0.615,0.217,1.98
Nickeil Alexander-Walker,PTS,19.5,2.0,1.76,2.14,1.88,20.6,8.25,0.552,0.448,OVER,0.552,0.103,2.0
Dyson Daniels,AST,5.5,2.14,1.66,2.29,1.78,4.3,2.47,0.316,0.684,UNDER,0.684,0.136,1.66
Jalen Johnson,AST,9.5,2.18,1.63,2.34,1.75,4.7,2.57,0.031,0.969,UNDER,0.969,0.579,1.63
Jalen Brunson,AST,7.5,2.02,1.74,2.16,1.86,4.4,2.43,0.101,0.899,UNDER,0.899,0.564,1.74
Trae Young,AST,9.5,1.88,1.88,2.0,2.0,8.0,3.61,0.334,0.666,UNDER,0.666,0.251,1.88
Mikal Bridges,AST,4.5,2.08,1.69,2.23,1.81,3.4,2.17,0.31,0.69,UNDER,0.69,0.167,1.69
Mikal Bridges,REB,4.5,1.8,1.94,1.93,2.08,4.3,2.36,0.46,0.54,SKIP,0.0,0.0,0.0
Jalen Brunson,REB,3.5,1.76,2.0,1.88,2.14,4.9,2.47,0.711,0.289,OVER,0.711,0.251,1.76
Jalen Johnson,REB,9.5,1.77,1.98,1.89,2.12,5.8,2.77,0.092,0.908,UNDER,0.908,0.798,1.98
Nickeil Alexander-Walker,REB,3.5,2.42,1.52,2.59,1.63,4.5,2.42,0.668,0.332,OVER,0.668,0.616,2.42
Karl-Anthony Towns,REB,12.5,1.91,1.83,2.04,1.96,7.3,3.19,0.05,0.95,UNDER,0.95,0.738,1.83
Onyeka Okongwu,REB,7.5,1.69,2.08,1.81,2.23,5.5,2.71,0.234,0.766,UNDER,0.766,0.594,2.08
Dyson Daniels,REB,5.5,1.88,1.88,2.0,2.0,5.4,2.69,0.491,0.509,SKIP,0.0,0.0,0.0
OG Anunoby,REB,5.5,2.02,1.74,2.16,1.86,4.3,2.4,0.311,0.689,UNDER,0.689,0.199,1.74
Jalen Johnson,PTS+REB+AST,44.5,1.88,1.88,2.0,2.0,31.8,9.17,0.083,0.917,UNDER,0.917,0.723,1.88
Jalen Brunson,PTS+REB+AST,41.5,1.94,1.8,2.08,1.93,32.5,9.4,0.17,0.83,UNDER,0.83,0.494,1.8
Trae Young,PTS+REB+AST,34.5,1.94,1.8,2.08,1.93,27.8,8.85,0.225,0.775,UNDER,0.775,0.396,1.8
Mikal Bridges,PTS+REB+AST,25.5,1.83,1.91,1.96,2.04,26.6,8.6,0.552,0.448,SKIP,0.0,0.0,0.0
OG Anunoby,PTS+REB+AST,25.5,1.93,1.82,2.06,1.94,24.7,8.32,0.46,0.54,SKIP,0.0,0.0,0.0
Karl-Anthony Towns,PTS+REB+AST,37.5,1.8,1.94,1.93,2.08,33.7,9.35,0.342,0.658,UNDER,0.658,0.277,1.94
Dyson Daniels,PTS+REB+AST,23.5,1.77,1.98,1.89,2.12,28.3,8.71,0.708,0.292,OVER,0.708,0.253,1.77
Jalen Johnson,PTS+REB+AST,44.5,1.88,1.88,2.0,2.0,31.8,9.17,0.083,0.917,UNDER,0.917,0.723,1.88
Jalen Brunson,PTS+REB+AST,41.5,1.94,1.8,2.08,1.93,32.5,9.4,0.17,0.83,UNDER,0.83,0.494,1.8
Trae Young,PTS+REB+AST,34.5,1.94,1.8,2.08,1.93,27.8,8.85,0.225,0.775,UNDER,0.775,0.396,1.8
Mikal Bridges,PTS+REB+AST,25.5,1.83,1.91,1.96,2.04,26.6,8.6,0.552,0.448,SKIP,0.0,0.0,0.0
OG Anunoby,PTS+REB+AST,25.5,1.93,1.82,2.06,1.94,24.7,8.32,0.46,0.54,SKIP,0.0,0.0,0.0
Karl-Anthony Towns,PTS+REB+AST,37.5,1.8,1.94,1.93,2.08,33.7,9.35,0.342,0.658,UNDER,0.658,0.277,1.94
Dyson Daniels,PTS+REB+AST,23.5,1.77,1.98,1.89,2.12,28.3,8.71,0.708,0.292,OVER,0.708,0.253,1.77
Karl-Anthony Towns,PTS+REB,35.5,1.94,1.8,2.08,1.93,29.7,9.06,0.261,0.739,UNDER,0.739,0.33,1.8
Onyeka Okongwu,PTS+REB,25.5,1.89,1.85,2.02,1.98,25.4,8.53,0.495,0.505,SKIP,0.0,0.0,0.0
Jalen Johnson,PTS+REB,35.5,1.89,1.85,2.02,1.98,27.1,8.8,0.17,0.83,UNDER,0.83,0.535,1.85
Zaccharie Risacher,PTS+REB,12.5,1.94,1.8,2.08,1.93,20.3,7.88,0.84,0.16,OVER,0.84,0.629,1.94
OG Anunoby,PTS+REB,23.5,1.91,1.83,2.04,1.96,21.9,8.09,0.42,0.58,UNDER,0.58,0.062,1.83
Jalen Brunson,PTS+REB,33.5,1.88,1.88,2.0,2.0,28.1,9.08,0.278,0.722,UNDER,0.722,0.358,1.88
Mikal Bridges,PTS+REB,21.5,1.91,1.83,2.04,1.96,23.2,8.32,0.581,0.419,OVER,0.581,0.11,1.91
Trae Young,PTS+REB,24.5,1.89,1.85,2.02,1.98,19.8,8.08,0.282,0.718,UNDER,0.718,0.328,1.85
Nickeil Alexander-Walker,PTS+REB,22.5,1.96,1.78,2.1,1.91,25.1,8.6,0.62,0.38,OVER,0.62,0.215,1.96
Dyson Daniels,PTS+REB,18.5,1.88,1.88,2.0,2.0,23.9,8.35,0.743,0.257,OVER,0.743,0.397,1.88
Miles McBride,PTS+REB,14.5,1.88,1.88,2.0,2.0,12.0,6.6,0.353,0.647,UNDER,0.647,0.217,1.88
Dyson Daniels,PTS+AST,18.5,1.98,1.77,2.12,1.89,22.8,8.28,0.699,0.301,OVER,0.699,0.384,1.98
Jalen Brunson,PTS+AST,37.5,1.93,1.82,2.06,1.94,27.7,9.07,0.139,0.861,UNDER,0.861,0.567,1.82
Mikal Bridges,PTS+AST,20.5,1.77,1.98,1.89,2.12,22.4,8.27,0.589,0.411,SKIP,0.0,0.0,0.0
Karl-Anthony Towns,PTS+AST,25.5,1.89,1.85,2.02,1.98,26.4,8.78,0.542,0.458,SKIP,0.0,0.0,0.0
Jalen Johnson,PTS+AST,34.5,1.82,1.94,1.94,2.07,26.0,8.75,0.165,0.835,UNDER,0.835,0.619,1.94
Trae Young,PTS+AST,31.5,1.8,1.94,1.93,2.08,25.2,8.66,0.233,0.767,UNDER,0.767,0.487,1.94
Jalen Brunson,REB+AST,11.5,2.04,1.72,2.19,1.84,9.3,3.46,0.26,0.74,UNDER,0.74,0.273,1.72
Jalen Johnson,REB+AST,18.5,2.0,1.76,2.14,1.88,10.5,3.78,0.018,0.982,UNDER,0.982,0.729,1.76
Mikal Bridges,REB+AST,9.5,2.14,1.66,2.29,1.78,7.7,3.2,0.285,0.715,UNDER,0.715,0.186,1.66
Karl-Anthony Towns,REB+AST,15.5,2.0,1.76,2.14,1.88,11.2,3.94,0.14,0.86,UNDER,0.86,0.514,1.76
Trae Young,REB+AST,11.5,1.89,1.85,2.02,1.98,10.6,4.05,0.408,0.592,UNDER,0.592,0.095,1.85
Dyson Daniels,REB+AST,10.5,1.72,2.04,1.84,2.19,9.8,3.66,0.419,0.581,UNDER,0.581,0.185,2.04
Jaden McDaniels,PTS,15.5,2.02,1.74,2.16,1.86,19.4,8.06,0.686,0.314,OVER,0.686,0.386,2.02
Noah Clowney,PTS,11.5,1.89,1.85,2.02,1.98,17.6,7.74,0.785,0.215,OVER,0.785,0.484,1.89
Naz Reid,PTS,13.5,1.83,1.91,1.96,2.04,20.1,8.16,0.791,0.209,OVER,0.791,0.448,1.83
Day'Ron Sharpe,PTS,6.5,2.0,1.76,2.14,1.88,5.7,4.99,0.434,0.566,SKIP,0.0,0.0,0.0
Terance Mann,PTS,6.5,1.94,1.82,2.07,1.94,6.3,5.28,0.484,0.516,SKIP,0.0,0.0,0.0
Julius Randle,PTS,22.5,1.89,1.85,2.02,1.98,21.0,8.34,0.431,0.569,UNDER,0.569,0.054,1.85
Anthony Edwards,PTS,27.5,1.77,1.98,1.89,2.12,21.9,8.51,0.257,0.743,UNDER,0.743,0.472,1.98
Donte DiVincenzo,PTS,14.5,2.02,1.74,2.16,1.86,17.5,7.73,0.65,0.35,OVER,0.65,0.314,2.02
Danny Wolf,PTS,8.5,1.96,1.78,2.1,1.91,8.4,5.82,0.492,0.508,SKIP,0.0,0.0,0.0
Cam Thomas,PTS,17.5,1.88,1.88,2.0,2.0,17.9,7.81,0.518,0.482,SKIP,0.0,0.0,0.0
Donte DiVincenzo,AST,4.5,1.94,1.8,2.08,1.93,3.5,2.2,0.327,0.673,UNDER,0.673,0.211,1.8
Julius Randle,AST,5.5,2.18,1.63,2.34,1.75,4.1,2.38,0.285,0.715,UNDER,0.715,0.166,1.63
Anthony Edwards,AST,3.5,1.63,2.18,1.75,2.34,4.0,2.32,0.593,0.407,SKIP,0.0,0.0,0.0
Jaden McDaniels,REB,4.5,2.02,1.74,2.16,1.86,4.2,2.35,0.458,0.542,SKIP,0.0,0.0,0.0
Julius Randle,REB,7.5,2.1,1.68,2.25,1.8,5.0,2.53,0.163,0.837,UNDER,0.837,0.407,1.68
Anthony Edwards,REB,5.5,2.22,1.62,2.37,1.73,4.6,2.41,0.355,0.645,SKIP,0.0,0.0,0.0
Terance Mann,REB,3.5,2.22,1.62,2.37,1.73,3.9,2.69,0.557,0.443,OVER,0.557,0.236,2.22
Donte DiVincenzo,REB,4.5,1.94,1.8,2.08,1.93,4.4,2.42,0.491,0.509,SKIP,0.0,0.0,0.0
Naz Reid,REB,6.5,2.24,1.6,2.4,1.71,4.7,2.46,0.229,0.771,UNDER,0.771,0.233,1.6
Day'Ron Sharpe,REB,5.5,2.02,1.74,2.16,1.86,5.4,3.36,0.484,0.516,SKIP,0.0,0.0,0.0
Danny Wolf,REB,3.5,1.63,2.18,1.75,2.34,5.0,3.0,0.695,0.305,OVER,0.695,0.133,1.63
Noah Clowney,REB,3.5,1.66,2.14,1.78,2.29,4.1,2.32,0.599,0.401,SKIP,0.0,0.0,0.0
Danny Wolf,PTS+REB+AST,14.5,1.88,1.88,2.0,2.0,14.4,6.66,0.493,0.507,SKIP,0.0,0.0,0.0
Naz Reid,PTS+REB+AST,22.5,1.93,1.82,2.06,1.94,27.9,8.77,0.733,0.267,OVER,0.733,0.414,1.93
Donte DiVincenzo,PTS+REB+AST,23.5,1.93,1.82,2.06,1.94,25.4,8.4,0.592,0.408,OVER,0.592,0.142,1.93
Julius Randle,PTS+REB+AST,35.5,1.91,1.82,2.05,1.95,30.2,9.04,0.279,0.721,UNDER,0.721,0.313,1.82
Anthony Edwards,PTS+REB+AST,37.5,1.91,1.83,2.04,1.96,30.6,9.14,0.225,0.775,UNDER,0.775,0.419,1.83
Cam Thomas,PTS+REB+AST,22.5,1.98,1.77,2.12,1.89,23.4,8.27,0.543,0.457,OVER,0.543,0.075,1.98
Jaden McDaniels,PTS+REB+AST,21.5,1.78,1.96,1.91,2.1,27.0,8.66,0.737,0.263,OVER,0.737,0.311,1.78
Danny Wolf,PTS+REB+AST,14.5,1.88,1.88,2.0,2.0,14.4,6.66,0.493,0.507,SKIP,0.0,0.0,0.0
Naz Reid,PTS+REB+AST,22.5,1.93,1.82,2.06,1.94,27.9,8.77,0.733,0.267,OVER,0.733,0.414,1.93
Donte DiVincenzo,PTS+REB+AST,23.5,1.93,1.82,2.06,1.94,25.4,8.4,0.592,0.408,OVER,0.592,0.142,1.93
Julius Randle,PTS+REB+AST,35.5,1.91,1.82,2.05,1.95,30.2,9.04,0.279,0.721,UNDER,0.721,0.313,1.82
Anthony Edwards,PTS+REB+AST,37.5,1.91,1.83,2.04,1.96,30.6,9.14,0.225,0.775,UNDER,0.775,0.419,1.83
Cam Thomas,PTS+REB+AST,22.5,1.98,1.77,2.12,1.89,23.4,8.27,0.543,0.457,OVER,0.543,0.075,1.98
Jaden McDaniels,PTS+REB+AST,21.5,1.78,1.96,1.91,2.1,27.0,8.66,0.737,0.263,OVER,0.737,0.311,1.78
Naz Reid,PTS+REB,19.5,1.77,1.98,1.89,2.12,24.8,8.53,0.732,0.268,OVER,0.732,0.296,1.77
Anthony Edwards,PTS+REB,33.5,1.93,1.82,2.06,1.94,26.5,8.85,0.216,0.784,UNDER,0.784,0.427,1.82
Julius Randle,PTS+REB,29.5,1.82,1.93,1.94,2.06,26.0,8.72,0.346,0.654,UNDER,0.654,0.262,1.93
Terance Mann,PTS+REB,9.5,1.77,1.98,1.89,2.12,10.2,5.92,0.545,0.455,SKIP,0.0,0.0,0.0
Donte DiVincenzo,PTS+REB,18.5,1.85,1.89,1.98,2.02,21.9,8.1,0.664,0.336,OVER,0.664,0.229,1.85
Noah Clowney,PTS+REB,15.5,1.88,1.88,2.0,2.0,21.7,8.08,0.778,0.222,OVER,0.778,0.463,1.88
Jaden McDaniels,PTS+REB,19.5,1.89,1.85,2.02,1.98,23.7,8.4,0.69,0.31,OVER,0.69,0.304,1.89
Cam Thomas,PTS+AST,20.5,1.98,1.77,2.12,1.89,20.7,8.06,0.51,0.49,SKIP,0.0,0.0,0.0
Anthony Edwards,PTS+AST,32.5,1.94,1.8,2.08,1.93,26.0,8.82,0.23,0.77,UNDER,0.77,0.386,1.8
Julius Randle,PTS+AST,27.5,1.82,1.93,1.94,2.06,25.2,8.68,0.395,0.605,UNDER,0.605,0.168,1.93
Donte DiVincenzo,PTS+AST,18.5,1.85,1.89,1.98,2.02,21.0,8.04,0.622,0.378,OVER,0.622,0.151,1.85
Naz Reid,PTS+AST,15.5,1.77,1.98,1.89,2.12,23.3,8.42,0.822,0.178,OVER,0.822,0.455,1.77
Jaden McDaniels,PTS+AST,17.5,1.89,1.85,2.02,1.98,22.7,8.33,0.735,0.265,OVER,0.735,0.389,1.89
Jaden McDaniels,REB+AST,6.5,1.76,2.0,1.88,2.14,7.6,3.15,0.632,0.368,OVER,0.632,0.113,1.76
Anthony Edwards,REB+AST,9.5,2.06,1.71,2.2,1.83,8.6,3.35,0.399,0.601,SKIP,0.0,0.0,0.0
Naz Reid,REB+AST,8.5,2.04,1.72,2.19,1.84,7.8,3.2,0.417,0.583,SKIP,0.0,0.0,0.0
Julius Randle,REB+AST,12.5,1.89,1.85,2.02,1.98,9.2,3.48,0.168,0.832,UNDER,0.832,0.539,1.85
Donte DiVincenzo,REB+AST,8.5,1.68,2.1,1.8,2.25,8.0,3.28,0.434,0.566,UNDER,0.566,0.188,2.1
Myles Turner,PTS,10.5,1.77,1.98,1.89,2.12,21.4,8.37,0.903,0.097,OVER,0.903,0.597,1.77
Kevin Huerter,PTS,9.5,1.74,2.02,1.86,2.16,17.2,7.67,0.842,0.158,OVER,0.842,0.465,1.74
Matas Buzelis,PTS,12.5,1.91,1.83,2.04,1.96,18.2,7.83,0.767,0.233,OVER,0.767,0.466,1.91
Zach Collins,PTS,7.5,1.82,1.94,1.94,2.07,5.7,5.14,0.367,0.633,UNDER,0.633,0.229,1.94
Bobby Portis,PTS,10.5,1.83,1.91,1.96,2.04,21.3,8.34,0.902,0.098,OVER,0.902,0.651,1.83
Kevin Porter Jr.,PTS,18.5,1.98,1.77,2.12,1.89,17.5,7.83,0.448,0.552,SKIP,0.0,0.0,0.0
Kyle Kuzma,PTS,13.5,2.0,1.76,2.14,1.88,18.7,7.9,0.745,0.255,OVER,0.745,0.49,2.0
Tre Jones,PTS,9.5,1.88,1.88,2.0,2.0,19.0,8.05,0.88,0.12,OVER,0.88,0.655,1.88
Isaac Okoro,PTS,6.5,1.82,1.93,1.94,2.06,6.4,5.5,0.495,0.505,SKIP,0.0,0.0,0.0
Coby White,PTS,20.5,1.88,1.88,2.0,2.0,18.4,7.92,0.394,0.606,UNDER,0.606,0.14,1.88
Josh Giddey,PTS,18.5,1.96,1.78,2.1,1.91,19.6,8.07,0.554,0.446,OVER,0.554,0.085,1.96
Ryan Rollins,PTS,14.5,2.0,1.76,2.14,1.88,20.8,8.31,0.775,0.225,OVER,0.775,0.549,2.0
Tre Jones,AST,4.5,2.34,1.56,2.5,1.67,4.2,2.39,0.446,0.554,SKIP,0.0,0.0,0.0
Kevin Porter Jr.,AST,7.5,2.14,1.66,2.29,1.78,8.9,3.95,0.641,0.359,OVER,0.641,0.371,2.14
Coby White,AST,4.5,1.98,1.77,2.12,1.89,3.9,2.29,0.398,0.602,UNDER,0.602,0.066,1.77
Ryan Rollins,AST,4.5,1.93,1.82,2.06,1.94,4.2,2.39,0.448,0.552,SKIP,0.0,0.0,0.0
Josh Giddey,AST,8.5,1.93,1.82,2.06,1.94,4.8,2.62,0.079,0.921,UNDER,0.921,0.676,1.82
Zach Collins,REB,4.5,1.83,1.91,1.96,2.04,3.6,2.74,0.369,0.631,UNDER,0.631,0.205,1.91
Bobby Portis,REB,6.5,1.88,1.88,2.0,2.0,5.6,2.69,0.369,0.631,UNDER,0.631,0.186,1.88
Coby White,REB,3.5,2.16,1.65,2.31,1.76,3.9,2.24,0.564,0.436,OVER,0.564,0.218,2.16
Kevin Porter Jr.,REB,5.5,2.22,1.62,2.37,1.73,5.5,2.72,0.493,0.507,OVER,0.493,0.095,2.22
Kyle Kuzma,REB,4.5,1.98,1.77,2.12,1.89,5.2,2.62,0.605,0.395,OVER,0.605,0.197,1.98
Myles Turner,REB,4.5,1.63,2.18,1.75,2.34,5.6,2.7,0.658,0.342,OVER,0.658,0.073,1.63
Matas Buzelis,REB,4.5,1.74,2.02,1.86,2.16,4.8,2.54,0.544,0.456,SKIP,0.0,0.0,0.0
Ryan Rollins,REB,3.5,1.91,1.83,2.04,1.96,4.6,2.42,0.673,0.327,OVER,0.673,0.285,1.91
Josh Giddey,REB,8.5,1.89,1.85,2.02,1.98,5.9,2.81,0.177,0.823,UNDER,0.823,0.523,1.85
Tre Jones,PTS+REB+AST,16.5,1.91,1.83,2.04,1.96,27.1,8.69,0.889,0.111,OVER,0.889,0.697,1.91
Kyle Kuzma,PTS+REB+AST,20.5,1.85,1.89,1.98,2.02,27.1,8.59,0.78,0.22,OVER,0.78,0.443,1.85
Kevin Porter Jr.,PTS+REB+AST,30.5,1.83,1.91,1.96,2.04,31.8,9.18,0.558,0.442,SKIP,0.0,0.0,0.0
Ryan Rollins,PTS+REB+AST,22.5,1.89,1.85,2.02,1.98,29.5,8.98,0.783,0.217,OVER,0.783,0.481,1.89
Josh Giddey,PTS+REB+AST,35.5,1.85,1.89,1.98,2.02,30.3,8.94,0.279,0.721,UNDER,0.721,0.362,1.89
Coby White,PTS+REB+AST,28.5,1.88,1.88,2.0,2.0,26.1,8.55,0.391,0.609,UNDER,0.609,0.146,1.88
Tre Jones,PTS+REB+AST,16.5,1.91,1.83,2.04,1.96,27.1,8.69,0.889,0.111,OVER,0.889,0.697,1.91
Kyle Kuzma,PTS+REB+AST,20.5,1.85,1.89,1.98,2.02,27.1,8.59,0.78,0.22,OVER,0.78,0.443,1.85
Kevin Porter Jr.,PTS+REB+AST,30.5,1.83,1.91,1.96,2.04,31.8,9.18,0.558,0.442,SKIP,0.0,0.0,0.0
Ryan Rollins,PTS+REB+AST,22.5,1.89,1.85,2.02,1.98,29.5,8.98,0.783,0.217,OVER,0.783,0.481,1.89
Josh Giddey,PTS+REB+AST,35.5,1.85,1.89,1.98,2.02,30.3,8.94,0.279,0.721,UNDER,0.721,0.362,1.89
Coby White,PTS+REB+AST,28.5,1.88,1.88,2.0,2.0,26.1,8.55,0.391,0.609,UNDER,0.609,0.146,1.88
Kevin Huerter,PTS+REB,12.5,1.76,2.0,1.88,2.14,21.3,8.02,0.864,0.136,OVER,0.864,0.521,1.76
Matas Buzelis,PTS+REB,17.5,1.91,1.83,2.04,1.96,23.0,8.23,0.748,0.252,OVER,0.748,0.429,1.91
Myles Turner,PTS+REB,15.5,1.77,1.98,1.89,2.12,27.0,8.8,0.903,0.097,OVER,0.903,0.599,1.77
Tre Jones,PTS+REB,12.5,2.0,1.76,2.14,1.88,22.9,8.36,0.894,0.106,OVER,0.894,0.788,2.0
Coby White,PTS+REB,23.5,1.8,1.94,1.93,2.08,22.2,8.24,0.438,0.562,UNDER,0.562,0.09,1.94
Bobby Portis,PTS+REB,17.5,1.91,1.85,2.03,1.97,26.9,8.76,0.858,0.142,OVER,0.858,0.64,1.91
Ryan Rollins,PTS+REB,17.5,1.85,1.89,1.98,2.02,25.3,8.66,0.818,0.182,OVER,0.818,0.513,1.85
Kyle Kuzma,PTS+REB,17.5,1.85,1.89,1.98,2.02,23.9,8.33,0.779,0.221,OVER,0.779,0.441,1.85
Kevin Porter Jr.,PTS+REB,23.5,1.91,1.83,2.04,1.96,22.9,8.29,0.472,0.528,SKIP,0.0,0.0,0.0
Josh Giddey,PTS+REB,26.5,1.8,1.94,1.93,2.08,25.5,8.55,0.452,0.548,UNDER,0.548,0.063,1.94
Ryan Rollins,PTS+AST,18.5,1.82,1.93,1.94,2.06,25.0,8.65,0.772,0.228,OVER,0.772,0.406,1.82
Josh Giddey,PTS+AST,26.5,1.8,1.94,1.93,2.08,24.4,8.48,0.402,0.598,UNDER,0.598,0.161,1.94
Coby White,PTS+AST,25.5,1.96,1.78,2.1,1.91,22.3,8.25,0.348,0.652,UNDER,0.652,0.161,1.78
Kevin Porter Jr.,PTS+AST,25.5,1.88,1.88,2.0,2.0,26.4,8.77,0.54,0.46,SKIP,0.0,0.0,0.0
Kyle Kuzma,PTS+AST,16.5,2.0,1.76,2.14,1.88,21.9,8.18,0.747,0.253,OVER,0.747,0.494,2.0
Tre Jones,PTS+AST,13.5,1.82,1.93,1.94,2.06,23.1,8.39,0.875,0.125,OVER,0.875,0.592,1.82
Kyle Kuzma,REB+AST,7.5,1.98,1.77,2.12,1.89,8.4,3.37,0.609,0.391,OVER,0.609,0.206,1.98
Coby White,REB+AST,7.5,1.77,1.98,1.89,2.12,7.8,3.21,0.533,0.467,SKIP,0.0,0.0,0.0
Kevin Porter Jr.,REB+AST,12.5,1.94,1.8,2.08,1.93,14.4,4.8,0.652,0.348,OVER,0.652,0.265,1.94
Ryan Rollins,REB+AST,8.5,2.1,1.68,2.25,1.8,8.8,3.4,0.532,0.468,OVER,0.532,0.117,2.1
Josh Giddey,REB+AST,17.5,2.02,1.74,2.16,1.86,10.7,3.84,0.038,0.962,UNDER,0.962,0.674,1.74
Tre Jones,REB+AST,6.5,1.91,1.83,2.04,1.96,8.1,3.29,0.691,0.309,OVER,0.691,0.32,1.91
Darius Garland,PTS,17.5,1.88,1.88,2.0,2.0,16.6,7.78,0.456,0.544,SKIP,0.0,0.0,0.0
Sam Merrill,PTS,10.5,1.89,1.85,2.02,1.98,9.3,6.25,0.424,0.576,UNDER,0.576,0.066,1.85
Alperen Sengun,PTS,21.5,1.88,1.88,2.0,2.0,22.6,8.59,0.552,0.448,SKIP,0.0,0.0,0.0
Amen Thompson,PTS,17.5,1.88,1.85,2.02,1.98,20.0,8.16,0.62,0.38,OVER,0.62,0.167,1.88
Reed Sheppard,PTS,12.5,1.85,1.89,1.98,2.02,21.2,8.37,0.85,0.15,OVER,0.85,0.572,1.85
Kevin Durant,PTS,26.5,1.88,1.88,2.0,2.0,21.3,8.36,0.266,0.734,UNDER,0.734,0.38,1.88
Dean Wade,PTS,5.5,1.98,1.77,2.12,1.89,6.6,5.34,0.585,0.415,OVER,0.585,0.158,1.98
Evan Mobley,PTS,14.5,1.88,1.85,2.02,1.98,21.4,8.34,0.797,0.203,OVER,0.797,0.499,1.88
Tari Eason,PTS,11.5,1.96,1.78,2.1,1.91,8.9,6.12,0.336,0.664,UNDER,0.664,0.181,1.78
De'Andre Hunter,PTS,12.5,2.04,1.72,2.19,1.84,18.4,7.89,0.774,0.226,OVER,0.774,0.578,2.04
Donovan Mitchell,PTS,28.5,1.94,1.8,2.08,1.93,23.0,8.69,0.262,0.738,UNDER,0.738,0.328,1.8
Alperen Sengun,AST,6.5,2.08,1.69,2.23,1.81,4.9,2.65,0.276,0.724,UNDER,0.724,0.223,1.69
Darius Garland,AST,6.5,1.68,2.1,1.8,2.25,7.3,3.38,0.597,0.403,SKIP,0.0,0.0,0.0
Amen Thompson,AST,5.5,1.76,2.0,1.88,2.14,4.0,2.33,0.257,0.743,UNDER,0.743,0.486,2.0
Kevin Durant,AST,4.5,1.94,1.8,2.08,1.93,3.6,2.2,0.341,0.659,UNDER,0.659,0.186,1.8
Reed Sheppard,AST,3.5,2.28,1.58,2.44,1.69,3.9,2.29,0.567,0.433,OVER,0.567,0.292,2.28
Donovan Mitchell,AST,5.5,2.28,1.58,2.44,1.69,4.2,2.38,0.298,0.702,UNDER,0.702,0.109,1.58
Donovan Mitchell,REB,4.5,2.34,1.56,2.5,1.67,4.8,2.46,0.556,0.444,OVER,0.556,0.302,2.34
Kevin Durant,REB,5.5,2.1,1.68,2.25,1.8,4.9,2.5,0.404,0.596,SKIP,0.0,0.0,0.0
Evan Mobley,REB,8.5,2.18,1.63,2.34,1.75,6.5,2.99,0.253,0.747,UNDER,0.747,0.218,1.63
Amen Thompson,REB,7.5,2.16,1.65,2.31,1.76,4.9,2.51,0.148,0.852,UNDER,0.852,0.405,1.65
Tari Eason,REB,4.5,1.74,2.02,1.86,2.16,2.9,2.19,0.23,0.77,UNDER,0.77,0.556,2.02
De'Andre Hunter,REB,3.5,2.16,1.65,2.31,1.76,4.5,2.44,0.664,0.336,OVER,0.664,0.434,2.16
Alperen Sengun,REB,9.5,2.1,1.68,2.25,1.8,6.2,2.85,0.124,0.876,UNDER,0.876,0.471,1.68
Dean Wade,REB,3.5,1.66,2.14,1.78,2.29,4.2,2.88,0.596,0.404,SKIP,0.0,0.0,0.0
Darius Garland,PTS+REB+AST,27.5,1.89,1.85,2.02,1.98,27.0,8.71,0.478,0.522,SKIP,0.0,0.0,0.0
Kevin Durant,PTS+REB+AST,36.5,1.83,1.91,1.96,2.04,29.8,9.0,0.227,0.773,UNDER,0.773,0.476,1.91
Reed Sheppard,PTS+REB+AST,18.5,1.83,1.91,1.96,2.04,29.8,9.02,0.895,0.105,OVER,0.895,0.637,1.83
Alperen Sengun,PTS+REB+AST,37.5,1.98,1.77,2.12,1.89,33.8,9.43,0.346,0.654,UNDER,0.654,0.157,1.77
Donovan Mitchell,PTS+REB+AST,37.5,1.85,1.89,1.98,2.02,32.1,9.34,0.28,0.72,UNDER,0.72,0.361,1.89
Evan Mobley,PTS+REB+AST,25.5,1.8,1.94,1.93,2.08,31.9,9.15,0.757,0.243,OVER,0.757,0.362,1.8
Amen Thompson,PTS+REB+AST,30.5,1.82,1.93,1.94,2.06,28.9,8.85,0.427,0.573,UNDER,0.573,0.106,1.93
Darius Garland,PTS+REB+AST,27.5,1.89,1.85,2.02,1.98,27.0,8.71,0.478,0.522,SKIP,0.0,0.0,0.0
Kevin Durant,PTS+REB+AST,36.5,1.83,1.91,1.96,2.04,29.8,9.0,0.227,0.773,UNDER,0.773,0.476,1.91
Reed Sheppard,PTS+REB+AST,18.5,1.83,1.91,1.96,2.04,29.8,9.02,0.895,0.105,OVER,0.895,0.637,1.83
Alperen Sengun,PTS+REB+AST,37.5,1.98,1.77,2.12,1.89,33.8,9.43,0.346,0.654,UNDER,0.654,0.157,1.77
Donovan Mitchell,PTS+REB+AST,37.5,1.85,1.89,1.98,2.02,32.1,9.34,0.28,0.72,UNDER,0.72,0.361,1.89
Evan Mobley,PTS+REB+AST,25.5,1.8,1.94,1.93,2.08,31.9,9.15,0.757,0.243,OVER,0.757,0.362,1.8
Amen Thompson,PTS+REB+AST,30.5,1.82,1.93,1.94,2.06,28.9,8.85,0.427,0.573,UNDER,0.573,0.106,1.93
Donovan Mitchell,PTS+REB,32.5,1.89,1.85,2.02,1.98,27.8,9.03,0.302,0.698,UNDER,0.698,0.291,1.85
Tari Eason,PTS+REB,16.5,1.98,1.77,2.12,1.89,11.8,6.5,0.234,0.766,UNDER,0.766,0.355,1.77
Kevin Durant,PTS+REB,32.5,1.94,1.8,2.08,1.93,26.2,8.72,0.234,0.766,UNDER,0.766,0.379,1.8
De'Andre Hunter,PTS+REB,15.5,1.91,1.83,2.04,1.96,23.0,8.26,0.817,0.183,OVER,0.817,0.56,1.91
Evan Mobley,PTS+REB,22.5,1.82,1.93,1.94,2.06,27.9,8.86,0.731,0.269,OVER,0.731,0.33,1.82
Darius Garland,PTS+REB,20.5,1.93,1.82,2.06,1.94,19.7,8.03,0.46,0.54,SKIP,0.0,0.0,0.0
Sam Merrill,PTS+REB,13.5,1.94,1.8,2.08,1.93,11.8,6.54,0.396,0.604,UNDER,0.604,0.088,1.8
Amen Thompson,PTS+REB,24.5,1.82,1.93,1.94,2.06,24.9,8.54,0.518,0.482,SKIP,0.0,0.0,0.0
Dean Wade,PTS+REB,9.5,1.96,1.78,2.1,1.91,10.8,6.07,0.588,0.412,OVER,0.588,0.152,1.96
Alperen Sengun,PTS+REB,30.5,1.85,1.89,1.98,2.02,28.8,9.05,0.427,0.573,UNDER,0.573,0.082,1.89
Reed Sheppard,PTS+AST,15.5,1.78,1.96,1.91,2.1,25.1,8.68,0.865,0.135,OVER,0.865,0.539,1.78
Evan Mobley,PTS+AST,17.5,1.85,1.89,1.98,2.02,25.4,8.65,0.818,0.182,OVER,0.818,0.514,1.85
Alperen Sengun,PTS+AST,27.5,1.77,1.98,1.89,2.12,27.6,8.99,0.502,0.498,SKIP,0.0,0.0,0.0
Donovan Mitchell,PTS+AST,33.5,1.91,1.83,2.04,1.96,27.2,9.01,0.242,0.758,UNDER,0.758,0.386,1.83
Kevin Durant,PTS+AST,31.5,1.93,1.82,2.06,1.94,24.9,8.64,0.222,0.778,UNDER,0.778,0.416,1.82
Amen Thompson,PTS+AST,23.5,1.89,1.85,2.02,1.98,24.0,8.49,0.523,0.477,SKIP,0.0,0.0,0.0
Darius Garland,PTS+AST,24.5,1.83,1.91,1.96,2.04,24.0,8.48,0.475,0.525,SKIP,0.0,0.0,0.0
Reed Sheppard,REB+AST,5.5,1.69,2.08,1.81,2.23,8.6,3.36,0.823,0.177,OVER,0.823,0.391,1.69
Amen Thompson,REB+AST,12.5,1.72,2.04,1.84,2.19,8.9,3.42,0.144,0.856,UNDER,0.856,0.746,2.04
Alperen Sengun,REB+AST,15.5,1.98,1.77,2.12,1.89,11.1,3.89,0.131,0.869,UNDER,0.869,0.538,1.77
Evan Mobley,REB+AST,11.5,2.02,1.74,2.16,1.86,10.4,3.77,0.389,0.611,UNDER,0.611,0.064,1.74
Kevin Durant,REB+AST,9.5,1.76,2.0,1.88,2.14,8.5,3.33,0.381,0.619,UNDER,0.619,0.238,2.0
Darius Garland,REB+AST,9.5,1.88,1.88,2.0,2.0,10.4,3.93,0.588,0.412,OVER,0.588,0.106,1.88
Donovan Mitchell,REB+AST,9.5,2.02,1.74,2.16,1.86,9.1,3.43,0.452,0.548,SKIP,0.0,0.0,0.0
Jay Huff,PTS,8.5,1.89,1.85,2.02,1.98,6.8,5.39,0.378,0.622,UNDER,0.622,0.15,1.85
Tyler Herro,PTS,20.5,1.88,1.88,2.0,2.0,19.7,8.11,0.459,0.541,SKIP,0.0,0.0,0.0
Kel'el Ware,PTS,10.5,1.88,1.88,2.0,2.0,19.2,7.9,0.864,0.136,OVER,0.864,0.624,1.88
Pascal Siakam,PTS,22.5,1.96,1.78,2.1,1.91,19.4,8.05,0.352,0.648,UNDER,0.648,0.153,1.78
Andrew Nembhard,PTS,17.5,1.96,1.78,2.1,1.91,20.6,8.29,0.647,0.353,OVER,0.647,0.268,1.96
Norman Powell,PTS,23.5,1.88,1.88,2.0,2.0,21.4,8.38,0.4,0.6,UNDER,0.6,0.129,1.88
Bennedict Mathurin,PTS,17.5,1.93,1.82,2.06,1.94,21.6,8.42,0.688,0.312,OVER,0.688,0.327,1.93
Bam Adebayo,PTS,16.5,1.88,1.88,2.0,2.0,18.7,7.89,0.612,0.388,OVER,0.612,0.15,1.88
Andrew Wiggins,PTS,13.5,1.77,1.98,1.89,2.12,18.6,7.89,0.739,0.261,OVER,0.739,0.309,1.77
Jarace Walker,PTS,6.5,1.85,1.89,1.98,2.02,16.7,7.57,0.91,0.09,OVER,0.91,0.684,1.85
Davion Mitchell,PTS,8.5,1.82,1.93,1.94,2.06,9.3,6.14,0.554,0.446,SKIP,0.0,0.0,0.0
Davion Mitchell,AST,6.5,1.89,1.85,2.02,1.98,6.8,3.36,0.54,0.46,SKIP,0.0,0.0,0.0
Andrew Nembhard,AST,6.5,1.98,1.77,2.12,1.89,4.1,2.37,0.16,0.84,UNDER,0.84,0.487,1.77
Tyler Herro,AST,3.5,2.16,1.65,2.31,1.76,2.6,1.84,0.315,0.685,UNDER,0.685,0.131,1.65
Norman Powell,REB,4.5,2.18,1.63,2.34,1.75,5.1,2.58,0.593,0.407,OVER,0.593,0.293,2.18
Bam Adebayo,REB,9.5,1.68,2.12,1.79,2.26,5.1,2.62,0.047,0.953,UNDER,0.953,1.019,2.12
Bennedict Mathurin,REB,6.5,2.16,1.65,2.31,1.76,5.3,2.62,0.329,0.671,UNDER,0.671,0.107,1.65
Davion Mitchell,REB,2.5,2.22,1.62,2.37,1.73,2.6,2.05,0.525,0.475,OVER,0.525,0.166,2.22
Pascal Siakam,REB,6.5,1.89,1.85,2.02,1.98,4.5,2.43,0.209,0.791,UNDER,0.791,0.463,1.85
Andrew Wiggins,REB,5.5,1.94,1.8,2.08,1.93,4.8,2.5,0.383,0.617,UNDER,0.617,0.111,1.8
Tyler Herro,REB,4.5,1.62,2.22,1.73,2.37,4.0,2.3,0.408,0.592,UNDER,0.592,0.315,2.22
Jay Huff,REB,5.5,1.98,1.77,2.12,1.89,4.5,2.97,0.365,0.635,UNDER,0.635,0.125,1.77
Kel'el Ware,REB,10.5,1.77,1.98,1.89,2.12,6.6,3.05,0.1,0.9,UNDER,0.9,0.782,1.98
Jarace Walker,REB,3.5,2.1,1.68,2.25,1.8,4.6,2.5,0.673,0.327,OVER,0.673,0.414,2.1
Tyler Herro,PTS+REB+AST,29.5,1.91,1.83,2.04,1.96,26.2,8.63,0.353,0.647,UNDER,0.647,0.184,1.83
Davion Mitchell,PTS+REB+AST,17.5,1.8,1.94,1.93,2.08,18.8,7.29,0.57,0.43,SKIP,0.0,0.0,0.0
Norman Powell,PTS+REB+AST,30.5,1.8,1.94,1.93,2.08,30.4,9.06,0.494,0.506,SKIP,0.0,0.0,0.0
Bam Adebayo,PTS+REB+AST,28.5,1.78,1.96,1.91,2.1,26.9,8.56,0.425,0.575,UNDER,0.575,0.127,1.96
Pascal Siakam,PTS+REB+AST,31.5,1.82,1.93,1.94,2.06,27.2,8.66,0.309,0.691,UNDER,0.691,0.334,1.93
Andrew Wiggins,PTS+REB+AST,22.5,1.98,1.78,2.11,1.9,26.7,8.55,0.687,0.313,OVER,0.687,0.36,1.98
Andrew Nembhard,PTS+REB+AST,26.5,1.8,1.94,1.93,2.08,29.3,8.95,0.624,0.376,OVER,0.624,0.124,1.8
Tyler Herro,PTS+REB+AST,29.5,1.91,1.83,2.04,1.96,26.2,8.63,0.353,0.647,UNDER,0.647,0.184,1.83
Davion Mitchell,PTS+REB+AST,17.5,1.8,1.94,1.93,2.08,18.8,7.29,0.57,0.43,SKIP,0.0,0.0,0.0
Norman Powell,PTS+REB+AST,30.5,1.8,1.94,1.93,2.08,30.4,9.06,0.494,0.506,SKIP,0.0,0.0,0.0
Bam Adebayo,PTS+REB+AST,28.5,1.78,1.96,1.91,2.1,26.9,8.56,0.425,0.575,UNDER,0.575,0.127,1.96
Pascal Siakam,PTS+REB+AST,31.5,1.82,1.93,1.94,2.06,27.2,8.66,0.309,0.691,UNDER,0.691,0.334,1.93
Andrew Wiggins,PTS+REB+AST,22.5,1.98,1.78,2.11,1.9,26.7,8.55,0.687,0.313,OVER,0.687,0.36,1.98
Andrew Nembhard,PTS+REB+AST,26.5,1.8,1.94,1.93,2.08,29.3,8.95,0.624,0.376,OVER,0.624,0.124,1.8
Davion Mitchell,PTS+REB,11.5,2.02,1.74,2.16,1.86,12.0,6.47,0.528,0.472,OVER,0.528,0.067,2.02
Jay Huff,PTS+REB,14.5,1.98,1.77,2.12,1.89,11.3,6.15,0.302,0.698,UNDER,0.698,0.236,1.77
Pascal Siakam,PTS+REB,28.5,1.82,1.93,1.94,2.06,24.0,8.41,0.295,0.705,UNDER,0.705,0.36,1.93
Andrew Wiggins,PTS+REB,19.5,1.88,1.88,2.0,2.0,23.3,8.28,0.678,0.322,OVER,0.678,0.274,1.88
Bennedict Mathurin,PTS+REB,23.5,1.85,1.88,1.98,2.02,27.0,8.82,0.653,0.347,OVER,0.653,0.208,1.85
Tyler Herro,PTS+REB,25.5,1.85,1.89,1.98,2.02,23.6,8.43,0.413,0.587,UNDER,0.587,0.11,1.89
Andrew Nembhard,PTS+REB,20.5,1.91,1.83,2.04,1.96,25.2,8.63,0.707,0.293,OVER,0.707,0.35,1.91
Bam Adebayo,PTS+REB,26.5,1.85,1.89,1.98,2.02,23.9,8.31,0.376,0.624,UNDER,0.624,0.18,1.89
Kel'el Ware,PTS+REB,21.5,1.89,1.85,2.02,1.98,25.7,8.47,0.692,0.308,OVER,0.692,0.308,1.89
Norman Powell,PTS+REB,27.5,1.8,1.94,1.93,2.08,26.5,8.77,0.453,0.547,UNDER,0.547,0.06,1.94
Jarace Walker,PTS+REB,10.5,2.02,1.74,2.16,1.86,21.3,7.97,0.912,0.088,OVER,0.912,0.842,2.02
Andrew Wiggins,PTS+AST,16.5,1.88,1.88,2.0,2.0,21.9,8.17,0.746,0.254,OVER,0.746,0.402,1.88
Tyler Herro,PTS+AST,23.5,1.77,1.98,1.89,2.12,22.3,8.32,0.442,0.558,UNDER,0.558,0.105,1.98
Bam Adebayo,PTS+AST,18.5,1.8,1.94,1.93,2.08,21.7,8.15,0.655,0.345,OVER,0.655,0.179,1.8
Pascal Siakam,PTS+AST,25.5,1.94,1.8,2.08,1.93,22.6,8.31,0.365,0.635,UNDER,0.635,0.142,1.8
Davion Mitchell,PTS+AST,15.5,1.88,1.88,2.0,2.0,16.2,7.0,0.538,0.462,SKIP,0.0,0.0,0.0
Andrew Nembhard,PTS+AST,23.5,1.78,1.96,1.91,2.1,24.8,8.62,0.559,0.441,SKIP,0.0,0.0,0.0
Norman Powell,PTS+AST,26.5,1.88,1.88,2.0,2.0,25.2,8.69,0.443,0.557,SKIP,0.0,0.0,0.0
Davion Mitchell,REB+AST,8.5,1.74,2.02,1.86,2.16,9.5,3.94,0.597,0.403,SKIP,0.0,0.0,0.0
Andrew Wiggins,REB+AST,7.5,1.68,2.1,1.8,2.25,8.1,3.29,0.572,0.428,SKIP,0.0,0.0,0.0
Andrew Nembhard,REB+AST,9.5,1.91,1.83,2.04,1.96,8.7,3.38,0.408,0.592,UNDER,0.592,0.084,1.83
Pascal Siakam,REB+AST,9.5,1.88,1.88,2.0,2.0,7.7,3.2,0.289,0.711,UNDER,0.711,0.336,1.88
Norman Powell,REB+AST,7.5,2.06,1.71,2.2,1.83,9.0,3.44,0.667,0.333,OVER,0.667,0.374,2.06
Bam Adebayo,REB+AST,12.5,2.02,1.74,2.16,1.86,8.1,3.32,0.094,0.906,UNDER,0.906,0.576,1.74
Kevin Love,PTS,11.5,1.89,1.85,2.02,1.98,6.3,5.26,0.162,0.838,UNDER,0.838,0.549,1.85
Devin Vassell,PTS,16.5,1.76,2.0,1.88,2.14,20.5,8.23,0.685,0.315,OVER,0.685,0.205,1.76
Harrison Barnes,PTS,12.5,1.94,1.8,2.08,1.93,16.4,7.5,0.698,0.302,OVER,0.698,0.353,1.94
Keyonte George,PTS,25.5,1.82,1.93,1.94,2.06,21.8,8.48,0.332,0.668,UNDER,0.668,0.288,1.93
De'Aaron Fox,PTS,19.5,1.94,1.8,2.08,1.93,20.3,8.25,0.54,0.46,SKIP,0.0,0.0,0.0
Stephon Castle,PTS,20.5,1.98,1.77,2.12,1.89,19.9,8.16,0.473,0.527,SKIP,0.0,0.0,0.0
Isaiah Collier,PTS,9.5,1.85,1.89,1.98,2.02,8.4,5.94,0.428,0.572,UNDER,0.572,0.082,1.89
Victor Wembanyama,PTS,18.5,1.76,2.0,1.88,2.14,21.4,8.33,0.635,0.365,OVER,0.635,0.118,1.76
Svi Mykhailiuk,PTS,8.5,1.77,1.98,1.89,2.12,9.5,6.3,0.562,0.438,SKIP,0.0,0.0,0.0
Dylan Harper,PTS,14.5,1.94,1.8,2.08,1.93,8.3,5.95,0.151,0.849,UNDER,0.849,0.529,1.8
Kyle Filipowski,PTS,10.5,1.76,2.0,1.88,2.14,20.1,8.14,0.882,0.118,OVER,0.882,0.552,1.76
Brice Sensabaugh,PTS,14.5,1.88,1.88,2.0,2.0,9.1,6.21,0.191,0.809,UNDER,0.809,0.52,1.88
Keyonte George,AST,6.5,1.74,2.02,1.86,2.16,4.2,2.39,0.172,0.828,UNDER,0.828,0.672,2.02
De'Aaron Fox,AST,5.5,2.06,1.71,2.2,1.83,4.0,2.32,0.256,0.744,UNDER,0.744,0.272,1.71
Isaiah Collier,AST,7.5,2.14,1.66,2.29,1.78,6.3,3.19,0.355,0.645,UNDER,0.645,0.071,1.66
Stephon Castle,AST,6.5,1.66,2.14,1.78,2.29,3.9,2.32,0.135,0.865,UNDER,0.865,0.85,2.14
Stephon Castle,REB,5.5,2.18,1.63,2.34,1.75,4.8,2.49,0.393,0.607,SKIP,0.0,0.0,0.0
Victor Wembanyama,REB,8.5,1.76,2.0,1.88,2.14,6.0,2.81,0.19,0.81,UNDER,0.81,0.621,2.0
Kyle Filipowski,REB,6.5,1.66,2.14,1.78,2.29,5.7,2.75,0.388,0.612,UNDER,0.612,0.31,2.14
Harrison Barnes,REB,3.5,2.28,1.58,2.44,1.69,4.8,2.57,0.693,0.307,OVER,0.693,0.58,2.28
Keyonte George,REB,3.5,1.58,2.28,1.69,2.44,4.7,2.43,0.686,0.314,OVER,0.686,0.084,1.58
De'Aaron Fox,REB,3.5,1.91,1.83,2.04,1.96,4.2,2.33,0.623,0.377,OVER,0.623,0.19,1.91
Devin Vassell,REB,3.5,1.62,2.22,1.73,2.37,4.6,2.45,0.68,0.32,OVER,0.68,0.102,1.62
Brice Sensabaugh,REB,3.5,1.76,2.0,1.88,2.14,2.7,2.05,0.342,0.658,UNDER,0.658,0.317,2.0
Keyonte George,PTS+REB+AST,37.5,1.94,1.8,2.08,1.93,30.7,9.14,0.23,0.77,UNDER,0.77,0.386,1.8
Victor Wembanyama,PTS+REB+AST,31.5,1.88,1.88,2.0,2.0,31.2,9.08,0.485,0.515,SKIP,0.0,0.0,0.0
Devin Vassell,PTS+REB+AST,23.5,1.8,1.94,1.93,2.08,28.5,8.84,0.715,0.285,OVER,0.715,0.286,1.8
Svi Mykhailiuk,PTS+REB+AST,13.5,1.78,1.96,1.91,2.1,13.3,6.76,0.489,0.511,SKIP,0.0,0.0,0.0
De'Aaron Fox,PTS+REB+AST,28.5,1.89,1.85,2.02,1.98,28.5,8.88,0.502,0.498,SKIP,0.0,0.0,0.0
Stephon Castle,PTS+REB+AST,32.5,1.85,1.89,1.98,2.02,28.7,8.84,0.334,0.666,UNDER,0.666,0.259,1.89
Isaiah Collier,PTS+REB+AST,19.5,1.8,1.94,1.93,2.08,17.0,7.02,0.361,0.639,UNDER,0.639,0.239,1.94
Keyonte George,PTS+REB+AST,37.5,1.94,1.8,2.08,1.93,30.7,9.14,0.23,0.77,UNDER,0.77,0.386,1.8
Victor Wembanyama,PTS+REB+AST,31.5,1.88,1.88,2.0,2.0,31.2,9.08,0.485,0.515,SKIP,0.0,0.0,0.0
Devin Vassell,PTS+REB+AST,23.5,1.8,1.94,1.93,2.08,28.5,8.84,0.715,0.285,OVER,0.715,0.286,1.8
Svi Mykhailiuk,PTS+REB+AST,13.5,1.78,1.96,1.91,2.1,13.3,6.76,0.489,0.511,SKIP,0.0,0.0,0.0
De'Aaron Fox,PTS+REB+AST,28.5,1.89,1.85,2.02,1.98,28.5,8.88,0.502,0.498,SKIP,0.0,0.0,0.0
Stephon Castle,PTS+REB+AST,32.5,1.85,1.89,1.98,2.02,28.7,8.84,0.334,0.666,UNDER,0.666,0.259,1.89
Isaiah Collier,PTS+REB+AST,19.5,1.8,1.94,1.93,2.08,17.0,7.02,0.361,0.639,UNDER,0.639,0.239,1.94
Keyonte George,PTS+REB,29.5,1.8,1.94,1.93,2.08,26.5,8.82,0.367,0.633,UNDER,0.633,0.228,1.94
Harrison Barnes,PTS+REB,15.5,1.89,1.85,2.02,1.98,21.2,7.93,0.763,0.237,OVER,0.763,0.442,1.89
Victor Wembanyama,PTS+REB,28.5,1.91,1.83,2.04,1.96,27.4,8.79,0.451,0.549,SKIP,0.0,0.0,0.0
De'Aaron Fox,PTS+REB,22.5,1.77,1.98,1.89,2.12,24.6,8.57,0.595,0.405,OVER,0.595,0.054,1.77
Isaiah Collier,PTS+REB,12.5,1.91,1.83,2.04,1.96,10.7,6.25,0.386,0.614,UNDER,0.614,0.123,1.83
Svi Mykhailiuk,PTS+REB,11.5,1.85,1.89,1.98,2.02,12.2,6.62,0.542,0.458,SKIP,0.0,0.0,0.0
Brice Sensabaugh,PTS+REB,18.5,1.89,1.85,2.02,1.98,11.7,6.54,0.151,0.849,UNDER,0.849,0.571,1.85
Stephon Castle,PTS+REB,25.5,1.89,1.85,2.02,1.98,24.8,8.53,0.466,0.534,SKIP,0.0,0.0,0.0
Devin Vassell,PTS+REB,21.5,1.91,1.83,2.04,1.96,25.1,8.58,0.662,0.338,OVER,0.662,0.265,1.91
Kyle Filipowski,PTS+REB,18.5,1.98,1.77,2.12,1.89,25.9,8.6,0.804,0.196,OVER,0.804,0.592,1.98
Keyonte George,PTS+AST,32.5,1.82,1.93,1.94,2.06,26.1,8.81,0.233,0.767,UNDER,0.767,0.481,1.93
Victor Wembanyama,PTS+AST,22.5,1.94,1.8,2.08,1.93,25.1,8.63,0.62,0.38,OVER,0.62,0.202,1.94
Devin Vassell,PTS+AST,19.5,1.82,1.93,1.94,2.06,23.9,8.5,0.697,0.303,OVER,0.697,0.268,1.82
De'Aaron Fox,PTS+AST,24.5,1.83,1.91,1.96,2.04,24.3,8.57,0.491,0.509,SKIP,0.0,0.0,0.0
Svi Mykhailiuk,PTS+AST,11.5,1.94,1.8,2.08,1.93,10.6,6.44,0.445,0.555,SKIP,0.0,0.0,0.0
Stephon Castle,PTS+AST,27.5,1.91,1.83,2.04,1.96,23.9,8.48,0.335,0.665,UNDER,0.665,0.217,1.83
Isaiah Collier,PTS+AST,17.5,1.98,1.77,2.12,1.89,14.7,6.74,0.341,0.659,UNDER,0.659,0.167,1.77
De'Aaron Fox,REB+AST,8.5,1.68,2.1,1.8,2.25,8.2,3.28,0.464,0.536,UNDER,0.536,0.125,2.1
Victor Wembanyama,REB+AST,12.5,2.02,1.74,2.16,1.86,9.8,3.6,0.224,0.776,UNDER,0.776,0.35,1.74
Keyonte George,REB+AST,10.5,1.69,2.08,1.81,2.23,8.9,3.41,0.321,0.679,UNDER,0.679,0.412,2.08
Devin Vassell,REB+AST,6.5,1.82,1.93,1.94,2.06,8.1,3.25,0.685,0.315,OVER,0.685,0.247,1.82
Svi Mykhailiuk,REB+AST,4.5,1.8,1.94,1.93,2.08,3.8,2.47,0.395,0.605,UNDER,0.605,0.174,1.94
Isaiah Collier,REB+AST,9.5,1.77,1.98,1.89,2.12,8.6,3.74,0.404,0.596,UNDER,0.596,0.18,1.98
Stephon Castle,REB+AST,12.5,1.96,1.8,2.09,1.92,8.8,3.4,0.136,0.864,UNDER,0.864,0.554,1.8
